Workbook

Sheet craftResource
B1: subShip_1 | C1: subShip_2 | D1: subShip_3 | E1: subShip_4 | F1: subShip_5 | H1: armor_1 | I1: armor_2 | J1: armor_3 | K1: armor_4 | L1: armor_5 | N1: additionalBullet_1 | O1: additionalBullet_2 | P1: additionalBullet_3 | Q1: additionalBullet_4 | R1: additionalBullet_5
A2: RESOURCE_1
A3: RESOURCE_2
A4: RESOURCE_3
A5: RESOURCE_4
A6: RESOURCE_5
A7: RESOURCE_6
A8: RESOURCE_7
A9: RESOURCE_8
A10: RESOURCE_9
A11: RESOURCE_10
A12: RESOURCE_11
A13: RESOURCE_12
... A17: RESOURCE_16

Sheet stageReward
A1: =IF(craftResource!A1="","",craftResource!A1) | B1: stage1 | C1: stage2 | D1: stage3 | E1: stage4 | F1: stage5 | G1: stage6 | H1: stage7 | I1: stage8 | J1: stage9 | K1: stage10 | L1: stage11 | M1: stage12 | N1: stage13 | O1: stage14
A2: =IF(craftResource!A2="","",craftResource!A2) -> RESOURCE_1 | B2: 3~7 | C2: 5~10 | D2: 8~15 | E2: 12~20 | F2: 15~25 | G2: 20~30 | H2: 25~40 | I2: 30~50 | J2: 40~70 | K2: 50~100
A3: =IF(craftResource!A3="","",craftResource!A3) -> RESOURCE_2 | F3: 0~3 | G3: 2~4 | H3: 5~10 | I3: 8~15 | J3: 12~20 | K3: 15~25 | L3: 20~30 | M3: 25~40 | N3: 30~50 | O3: 40~70 | P3: 50~100
A4: =IF(craftResource!A4="","",craftResource!A4) -> RESOURCE_3 | J4: 0~3 | K4: 2~4 | L4: 5~10 | M4: 8~15 | N4: 12~20 | O4: 15~25 | P4: 20~30 | Q4: 25~40 | R4: 30~50 | S4: 40~70 | T4: 50~100
A5: =IF(craftResource!A5="","",craftResource!A5) -> RESOURCE_4
A6: =IF(craftResource!A6="","",craftResource!A6) -> RESOURCE_5
A7: =IF(craftResource!A7="","",craftResource!A7) -> RESOURCE_6
A8: =IF(craftResource!A8="","",craftResource!A8) -> RESOURCE_7
A9: =IF(craftResource!A9="","",craftResource!A9) -> RESOURCE_8
A10: =IF(craftResource!A10="","",craftResource!A10) -> RESOURCE_9
A11: =IF(craftResource!A11="","",craftResource!A11) -> RESOURCE_10
A12: =IF(craftResource!A12="","",craftResource!A12) -> RESOURCE_11
A13: =IF(craftResource!A13="","",craftResource!A13) -> RESOURCE_12
A14: =IF(craftResource!A14="","",craftResource!A14) -> RESOURCE_13
A15: =IF(craftResource!A15="","",craftResource!A15) -> RESOURCE_14
A16: =IF(craftResource!A16="","",craftResource!A16) -> RESOURCE_15
... A30: =IF(craftResource!A30="","",craftResource!A30)
